DATE;SOURCE_ID;DESCRIPTION;NET_CREDIT_AMOUNT;NET_DEBIT_AMOUNT;GROSS_AMOUNT;MP_FEE_AMOUNT;TAXES_AMOUNT;PAYMENT_METHOD;TRANSACTION_APPROVAL_DATE;BUSINESS_UNIT;SUB_UNIT;BALANCE_AMOUNT;PAYMENT_METHOD_TYPE;PURCHASE_ID
2026-02-06T22:44:10.000-03:00;144502568133;payment;0.99;0.00;1.00;0.00;-0.01;available_money;2026-02-06T22:44:10.000-03:00;;;0.99;account_money;
2026-02-06T22:44:17.000-03:00;145187899970;payment;19.88;0.00;20.00;0.00;-0.12;available_money;2026-02-06T22:44:17.000-03:00;;;20.87;account_money;
2026-02-06T22:45:52.000-03:00;144503313389;payment;19.88;0.00;20.00;0.00;-0.12;available_money;2026-02-06T22:45:52.000-03:00;;;40.75;account_money;
2026-02-06T22:45:56.000-03:00;144503464423;payment;8.95;0.00;9.00;0.00;-0.05;master;2026-02-06T22:45:56.000-03:00;;;49.70;credit_card;
2026-02-07T00:21:39.000-03:00;145197754626;payment;19880.00;0.00;20000.00;0.00;-120.00;available_money;2026-02-07T00:21:39.000-03:00;;;19929.70;account_money;
2026-02-07T00:23:01.000-03:00;144512757755;payment;39760.00;0.00;40000.00;0.00;-240.00;available_money;2026-02-07T00:23:01.000-03:00;;;59689.70;account_money;
2026-02-07T08:23:34.000-03:00;144529346303;payment;12922.00;0.00;13000.00;0.00;-78.00;cvu;2026-02-07T08:23:34.000-03:00;;;72611.70;bank_transfer;
2026-02-07T08:25:40.000-03:00;145214558054;payment;59640.00;0.00;60000.00;0.00;-360.00;available_money;2026-02-07T08:25:40.000-03:00;;;132251.70;account_money;
2026-02-07T08:26:24.000-03:00;144529445133;payment;14910.00;0.00;15000.00;0.00;-90.00;available_money;2026-02-07T08:26:24.000-03:00;;;147161.70;account_money;
2026-02-07T08:28:43.000-03:00;145214775296;payment;6958.00;0.00;7000.00;0.00;-42.00;available_money;2026-02-07T08:28:43.000-03:00;;;154119.70;account_money;
2026-02-07T08:37:08.000-03:00;144530077633;payment;35784.00;0.00;36000.00;0.00;-216.00;available_money;2026-02-07T08:37:08.000-03:00;;;189903.70;account_money;
2026-02-07T08:58:30.000-03:00;144531634991;payment;13916.00;0.00;14000.00;0.00;-84.00;available_money;2026-02-07T08:58:30.000-03:00;;;203819.70;account_money;
2026-02-07T09:06:33.000-03:00;145217471772;payment;6958.00;0.00;7000.00;0.00;-42.00;available_money;2026-02-07T09:06:33.000-03:00;;;210777.70;account_money;
2026-02-07T09:08:33.000-03:00;144532506725;payment;13419.00;0.00;13500.00;0.00;-81.00;available_money;2026-02-07T09:08:33.000-03:00;;;224196.70;account_money;
2026-02-07T09:14:23.000-03:00;144532899487;payment;4970.00;0.00;5000.00;0.00;-30.00;available_money;2026-02-07T09:14:23.000-03:00;;;229166.70;account_money;
2026-02-07T09:14:50.000-03:00;144533026129;payment;1491.00;0.00;1500.00;0.00;-9.00;available_money;2026-02-07T09:14:50.000-03:00;;;230657.70;account_money;
2026-02-07T09:33:38.000-03:00;145220139794;payment;6958.00;0.00;7000.00;0.00;-42.00;available_money;2026-02-07T09:33:38.000-03:00;;;237615.70;account_money;
2026-02-07T09:36:33.000-03:00;145220379536;payment;13916.00;0.00;14000.00;0.00;-84.00;available_money;2026-02-07T09:36:33.000-03:00;;;251531.70;account_money;
2026-02-07T09:36:39.000-03:00;144535158563;payment;13916.00;0.00;14000.00;0.00;-84.00;available_money;2026-02-07T09:36:39.000-03:00;;;265447.70;account_money;
2026-02-07T09:38:12.000-03:00;145220519868;payment;3976.00;0.00;4000.00;0.00;-24.00;available_money;2026-02-07T09:38:12.000-03:00;;;269423.70;account_money;
2026-02-07T09:39:01.000-03:00;145220619398;payment;16401.00;0.00;16500.00;0.00;-99.00;debin_transfer;2026-02-07T09:39:01.000-03:00;;;285824.70;bank_transfer;
2026-02-07T09:41:18.000-03:00;144535712963;payment;6958.00;0.00;7000.00;0.00;-42.00;available_money;2026-02-07T09:41:18.000-03:00;;;292782.70;account_money;
2026-02-07T09:45:24.000-03:00;144536050819;payment;6958.00;0.00;7000.00;0.00;-42.00;available_money;2026-02-07T09:45:24.000-03:00;;;299740.70;account_money;
2026-02-07T09:46:03.000-03:00;144536077345;payment;3976.00;0.00;4000.00;0.00;-24.00;available_money;2026-02-07T09:46:03.000-03:00;;;303716.70;account_money;
2026-02-07T09:48:13.000-03:00;145221754312;payment;6958.00;0.00;7000.00;0.00;-42.00;available_money;2026-02-07T09:48:13.000-03:00;;;310674.70;account_money;
2026-02-07T09:52:09.000-03:00;145222100306;payment;13916.00;0.00;14000.00;0.00;-84.00;available_money;2026-02-07T09:52:09.000-03:00;;;324590.70;account_money;
2026-02-07T09:52:37.000-03:00;145222118700;payment;6958.00;0.00;7000.00;0.00;-42.00;cvu;2026-02-07T09:52:37.000-03:00;;;331548.70;bank_transfer;
2026-02-07T09:56:01.000-03:00;144537178829;payment;6958.00;0.00;7000.00;0.00;-42.00;available_money;2026-02-07T09:56:01.000-03:00;;;338506.70;account_money;
2026-02-07T09:59:08.000-03:00;145222779806;payment;6958.00;0.00;7000.00;0.00;-42.00;available_money;2026-02-07T09:59:08.000-03:00;;;345464.70;account_money;
2026-02-07T09:59:44.000-03:00;145222938368;payment;22365.00;0.00;22500.00;0.00;-135.00;available_money;2026-02-07T09:59:44.000-03:00;;;367829.70;account_money;
2026-02-07T10:00:47.000-03:00;144537716853;payment;6958.00;0.00;7000.00;0.00;-42.00;available_money;2026-02-07T10:00:47.000-03:00;;;374787.70;account_money;
2026-02-07T10:02:13.000-03:00;145223210114;payment;6958.00;0.00;7000.00;0.00;-42.00;cvu;2026-02-07T10:02:13.000-03:00;;;381745.70;bank_transfer;
2026-02-07T10:06:06.000-03:00;144538322779;payment;6958.00;0.00;7000.00;0.00;-42.00;cvu;2026-02-07T10:06:06.000-03:00;;;388703.70;bank_transfer;
2026-02-07T10:07:30.000-03:00;145223830674;payment;6958.00;0.00;7000.00;0.00;-42.00;cvu;2026-02-07T10:07:30.000-03:00;;;395661.70;bank_transfer;
2026-02-07T10:07:51.000-03:00;145223771844;payment;6958.00;0.00;7000.00;0.00;-42.00;debin_transfer;2026-02-07T10:07:51.000-03:00;;;402619.70;bank_transfer;
2026-02-07T10:08:35.000-03:00;144538523545;payment;6958.00;0.00;7000.00;0.00;-42.00;available_money;2026-02-07T10:08:35.000-03:00;;;409577.70;account_money;
2026-02-07T10:10:16.000-03:00;144538673581;payment;6958.00;0.00;7000.00;0.00;-42.00;available_money;2026-02-07T10:10:16.000-03:00;;;416535.70;account_money;
2026-02-07T10:11:17.000-03:00;144538783349;payment;6958.00;0.00;7000.00;0.00;-42.00;cvu;2026-02-07T10:11:17.000-03:00;;;423493.70;bank_transfer;
2026-02-07T10:11:56.000-03:00;145224317650;payment;13916.00;0.00;14000.00;0.00;-84.00;cvu;2026-02-07T10:11:56.000-03:00;;;437409.70;bank_transfer;
2026-02-07T10:12:23.000-03:00;145224454310;payment;6958.00;0.00;7000.00;0.00;-42.00;available_money;2026-02-07T10:12:23.000-03:00;;;444367.70;account_money;
2026-02-07T10:12:41.000-03:00;144538970765;payment;6958.00;0.00;7000.00;0.00;-42.00;available_money;2026-02-07T10:12:41.000-03:00;;;451325.70;account_money;
2026-02-07T10:19:15.000-03:00;144539855097;payment;6958.00;0.00;7000.00;0.00;-42.00;available_money;2026-02-07T10:19:15.000-03:00;;;458283.70;account_money;
2026-02-07T10:19:52.000-03:00;144539990225;payment;6958.00;0.00;7000.00;0.00;-42.00;available_money;2026-02-07T10:19:52.000-03:00;;;465241.70;account_money;
2026-02-07T10:20:54.000-03:00;144539974071;payment;6958.00;0.00;7000.00;0.00;-42.00;cvu;2026-02-07T10:20:54.000-03:00;;;472199.70;bank_transfer;
2026-02-07T10:30:22.000-03:00;145226750490;payment;6958.00;0.00;7000.00;0.00;-42.00;available_money;2026-02-07T10:30:22.000-03:00;;;479157.70;account_money;
2026-02-07T10:31:16.000-03:00;145226868358;payment;13916.00;0.00;14000.00;0.00;-84.00;available_money;2026-02-07T10:31:16.000-03:00;;;493073.70;account_money;
2026-02-07T10:31:26.000-03:00;144541254735;payment;6958.00;0.00;7000.00;0.00;-42.00;available_money;2026-02-07T10:31:26.000-03:00;;;500031.70;account_money;
2026-02-07T10:35:48.000-03:00;145227291322;payment;13916.00;0.00;14000.00;0.00;-84.00;available_money;2026-02-07T10:35:48.000-03:00;;;513947.70;account_money;
2026-02-07T10:39:30.000-03:00;145227749972;payment;6958.00;0.00;7000.00;0.00;-42.00;available_money;2026-02-07T10:39:30.000-03:00;;;520905.70;account_money;
2026-02-07T10:39:40.000-03:00;144542427021;payment;6958.00;0.00;7000.00;0.00;-42.00;debin_transfer;2026-02-07T10:39:40.000-03:00;;;527863.70;bank_transfer;
2026-02-07T10:41:54.000-03:00;145228017462;payment;6958.00;0.00;7000.00;0.00;-42.00;available_money;2026-02-07T10:41:54.000-03:00;;;534821.70;account_money;
2026-02-07T10:42:15.000-03:00;144542802841;payment;6958.00;0.00;7000.00;0.00;-42.00;available_money;2026-02-07T10:42:15.000-03:00;;;541779.70;account_money;
2026-02-07T10:43:44.000-03:00;144542933207;payment;6958.00;0.00;7000.00;0.00;-42.00;cvu;2026-02-07T10:43:44.000-03:00;;;548737.70;bank_transfer;
2026-02-07T10:45:23.000-03:00;144543104999;payment;3976.00;0.00;4000.00;0.00;-24.00;available_money;2026-02-07T10:45:23.000-03:00;;;552713.70;account_money;
2026-02-07T10:47:39.000-03:00;144543453025;payment;6958.00;0.00;7000.00;0.00;-42.00;available_money;2026-02-07T10:47:39.000-03:00;;;559671.70;account_money;
2026-02-07T10:48:43.000-03:00;145229049076;payment;6958.00;0.00;7000.00;0.00;-42.00;available_money;2026-02-07T10:48:43.000-03:00;;;566629.70;account_money;
2026-02-07T10:49:34.000-03:00;144543578033;payment;6958.00;0.00;7000.00;0.00;-42.00;available_money;2026-02-07T10:49:34.000-03:00;;;573587.70;account_money;
2026-02-07T10:49:39.000-03:00;144543615815;payment;6958.00;0.00;7000.00;0.00;-42.00;available_money;2026-02-07T10:49:39.000-03:00;;;580545.70;account_money;
2026-02-07T10:52:28.000-03:00;144543961557;payment;6958.00;0.00;7000.00;0.00;-42.00;debin_transfer;2026-02-07T10:52:28.000-03:00;;;587503.70;bank_transfer;
2026-02-07T10:57:23.000-03:00;144544730803;payment;6461.00;0.00;6500.00;0.00;-39.00;cvu;2026-02-07T10:57:23.000-03:00;;;593964.70;bank_transfer;
2026-02-07T11:06:41.000-03:00;144545898061;payment;6958.00;0.00;7000.00;0.00;-42.00;debin_transfer;2026-02-07T11:06:41.000-03:00;;;600922.70;bank_transfer;
2026-02-07T11:09:28.000-03:00;144546393541;payment;6958.00;0.00;7000.00;0.00;-42.00;available_money;2026-02-07T11:09:28.000-03:00;;;607880.70;account_money;
2026-02-07T11:10:23.000-03:00;144546560475;payment;13916.00;0.00;14000.00;0.00;-84.00;available_money;2026-02-07T11:10:23.000-03:00;;;621796.70;account_money;
2026-02-07T11:10:45.000-03:00;144546490025;payment;6958.00;0.00;7000.00;0.00;-42.00;debin_transfer;2026-02-07T11:10:45.000-03:00;;;628754.70;bank_transfer;
2026-02-07T11:12:01.000-03:00;144546695657;payment;6958.00;0.00;7000.00;0.00;-42.00;available_money;2026-02-07T11:12:01.000-03:00;;;635712.70;account_money;
2026-02-07T11:12:54.000-03:00;145232417732;payment;6958.00;0.00;7000.00;0.00;-42.00;available_money;2026-02-07T11:12:54.000-03:00;;;642670.70;account_money;
2026-02-07T11:13:12.000-03:00;144546831411;payment;6958.00;0.00;7000.00;0.00;-42.00;available_money;2026-02-07T11:13:12.000-03:00;;;649628.70;account_money;
2026-02-07T11:15:02.000-03:00;144547109041;payment;6958.00;0.00;7000.00;0.00;-42.00;available_money;2026-02-07T11:15:02.000-03:00;;;656586.70;account_money;
2026-02-07T11:18:48.000-03:00;144547769605;payment;6958.00;0.00;7000.00;0.00;-42.00;available_money;2026-02-07T11:18:48.000-03:00;;;663544.70;account_money;
2026-02-07T11:19:10.000-03:00;144547857533;payment;6958.00;0.00;7000.00;0.00;-42.00;cvu;2026-02-07T11:19:10.000-03:00;;;670502.70;bank_transfer;
2026-02-07T11:19:18.000-03:00;144547930933;payment;6958.00;0.00;7000.00;0.00;-42.00;cvu;2026-02-07T11:19:18.000-03:00;;;677460.70;bank_transfer;
2026-02-07T11:20:30.000-03:00;145233564438;payment;3976.00;0.00;4000.00;0.00;-24.00;available_money;2026-02-07T11:20:30.000-03:00;;;681436.70;account_money;
2026-02-07T11:21:49.000-03:00;144548406157;payment;2982.00;0.00;3000.00;0.00;-18.00;available_money;2026-02-07T11:21:49.000-03:00;;;684418.70;account_money;
2026-02-07T11:23:54.000-03:00;144548561625;payment;6958.00;0.00;7000.00;0.00;-42.00;available_money;2026-02-07T11:23:54.000-03:00;;;691376.70;account_money;
2026-02-07T11:24:40.000-03:00;144548691225;payment;6958.00;0.00;7000.00;0.00;-42.00;available_money;2026-02-07T11:24:40.000-03:00;;;698334.70;account_money;
2026-02-07T11:25:01.000-03:00;145234025786;payment;3976.00;0.00;4000.00;0.00;-24.00;available_money;2026-02-07T11:25:01.000-03:00;;;702310.70;account_money;
2026-02-07T11:29:21.000-03:00;145234821930;payment;6958.00;0.00;7000.00;0.00;-42.00;available_money;2026-02-07T11:29:21.000-03:00;;;709268.70;account_money;
2026-02-07T11:39:37.000-03:00;145236610942;payment;6958.00;0.00;7000.00;0.00;-42.00;cvu;2026-02-07T11:39:37.000-03:00;;;716226.70;bank_transfer;
2026-02-07T11:40:02.000-03:00;145236621492;payment;6958.00;0.00;7000.00;0.00;-42.00;available_money;2026-02-07T11:40:02.000-03:00;;;723184.70;account_money;
2026-02-07T11:43:56.000-03:00;144551499889;payment;6958.00;0.00;7000.00;0.00;-42.00;available_money;2026-02-07T11:43:56.000-03:00;;;730142.70;account_money;
2026-02-07T12:56:53.000-03:00;145249870624;payment;25844.00;0.00;26000.00;0.00;-156.00;available_money;2026-02-07T12:56:53.000-03:00;;;755986.70;account_money;
2026-02-07T14:37:59.000-03:00;144578945483;payment;178920.00;0.00;180000.00;0.00;-1080.00;available_money;2026-02-07T14:37:59.000-03:00;;;934906.70;account_money;
2026-02-07T14:42:43.000-03:00;144579898115;payment;119280.00;0.00;120000.00;0.00;-720.00;available_money;2026-02-07T14:42:43.000-03:00;;;1054186.70;account_money;
2026-02-08T17:42:59.000-03:00;145409142096;payment;31808.00;0.00;32000.00;0.00;-192.00;available_money;2026-02-08T17:42:59.000-03:00;;;1085994.70;account_money;
2026-02-09T15:35:27.000-03:00;144847738601;payment;6461.00;0.00;6500.00;0.00;-39.00;available_money;2026-02-09T15:35:27.000-03:00;;;1092455.70;account_money;
2026-02-10T08:39:00.000-03:00;145630782040;payment;387660.00;0.00;390000.00;0.00;-2340.00;available_money;2026-02-10T08:39:00.000-03:00;;;1480115.70;account_money;
2026-02-10T08:56:04.000-03:00;145632660714;payment;6461.00;0.00;6500.00;0.00;-39.00;available_money;2026-02-10T08:56:04.000-03:00;;;1486576.70;account_money;
2026-02-10T09:07:17.000-03:00;144945038055;payment;6461.00;0.00;6500.00;0.00;-39.00;available_money;2026-02-10T09:07:17.000-03:00;;;1493037.70;account_money;
2026-02-10T09:07:32.000-03:00;145633834836;payment;6461.00;0.00;6500.00;0.00;-39.00;available_money;2026-02-10T09:07:32.000-03:00;;;1499498.70;account_money;
2026-02-10T09:20:06.000-03:00;145635284974;payment;7952.00;0.00;8000.00;0.00;-48.00;available_money;2026-02-10T09:20:06.000-03:00;;;1507450.70;account_money;
2026-02-10T09:40:59.000-03:00;144949094737;payment;7952.00;0.00;8000.00;0.00;-48.00;available_money;2026-02-10T09:40:59.000-03:00;;;1515402.70;account_money;
2026-02-10T10:11:57.000-03:00;145641757278;payment;7952.00;0.00;8000.00;0.00;-48.00;available_money;2026-02-10T10:11:57.000-03:00;;;1523354.70;account_money;
2026-02-10T11:01:10.000-03:00;145648520864;payment;7952.00;0.00;8000.00;0.00;-48.00;available_money;2026-02-10T11:01:10.000-03:00;;;1531306.70;account_money;
2026-02-10T11:13:13.000-03:00;145650426714;payment;7952.00;0.00;8000.00;0.00;-48.00;cvu;2026-02-10T11:13:13.000-03:00;;;1539258.70;bank_transfer;
2026-02-10T11:25:20.000-03:00;144963385411;payment;4473.00;0.00;4500.00;0.00;-27.00;available_money;2026-02-10T11:25:20.000-03:00;;;1543731.70;account_money;
2026-02-10T11:29:17.000-03:00;144964025775;payment;7952.00;0.00;8000.00;0.00;-48.00;available_money;2026-02-10T11:29:17.000-03:00;;;1551683.70;account_money;
2026-02-10T11:35:05.000-03:00;144965027151;payment;13916.00;0.00;14000.00;0.00;-84.00;available_money;2026-02-10T11:35:05.000-03:00;;;1565599.70;account_money;
2026-02-10T11:40:10.000-03:00;144965984229;payment;7952.00;0.00;8000.00;0.00;-48.00;available_money;2026-02-10T11:40:10.000-03:00;;;1573551.70;account_money;
2026-02-10T11:54:15.000-03:00;145656864692;payment;6461.00;0.00;6500.00;0.00;-39.00;available_money;2026-02-10T11:54:15.000-03:00;;;1580012.70;account_money;
2026-02-10T12:20:42.000-03:00;145660949348;payment;6958.00;0.00;7000.00;0.00;-42.00;cvu;2026-02-10T12:20:42.000-03:00;;;1586970.70;bank_transfer;
2026-02-10T18:30:56.000-03:00;145712018612;payment;35784.00;0.00;36000.00;0.00;-216.00;cvu;2026-02-10T18:30:56.000-03:00;;;1622754.70;bank_transfer;
2026-02-10T18:46:38.000-03:00;145025191991;payment;12922.00;0.00;13000.00;0.00;-78.00;available_money;2026-02-10T18:46:38.000-03:00;;;1635676.70;account_money;
2026-02-11T07:52:49.000-03:00;145781917504;reserve_for_payment;0.00;20120.95;-20120.95;0.00;0.00;available_money;2026-02-11T07:52:49.000-03:00;Mercado Pago;QR;1615555.75;account_money;
2026-02-11T07:52:49.000-03:00;145781917504;reserve_for_payment;20120.95;0.00;20120.95;0.00;0.00;available_money;2026-02-11T07:52:49.000-03:00;Mercado Pago;QR;1635676.70;account_money;
2026-02-11T07:52:49.000-03:00;145781917504;payment;0.00;20120.95;-20000.94;0.00;-120.01;available_money;2026-02-11T07:52:49.000-03:00;Mercado Pago;QR;1615555.75;account_money;
2026-02-11T08:28:11.000-03:00;145784616370;payment;12922.00;0.00;13000.00;0.00;-78.00;available_money;2026-02-11T08:28:11.000-03:00;;;1628477.75;account_money;
2026-02-11T21:41:27.000-03:00;145892823446;payment;12922.00;0.00;13000.00;0.00;-78.00;available_money;2026-02-11T21:41:27.000-03:00;;;1641399.75;account_money;
2026-02-11T22:30:51.000-03:00;145207718711;reserve_for_payment;0.00;30180.00;-30180.00;0.00;0.00;available_money;2026-02-11T22:30:51.000-03:00;;;1611219.75;account_money;
2026-02-11T22:30:51.000-03:00;145207718711;reserve_for_payment;30180.00;0.00;30180.00;0.00;0.00;available_money;2026-02-11T22:30:51.000-03:00;;;1641399.75;account_money;
2026-02-11T22:30:51.000-03:00;145207718711;payment;0.00;30180.00;-30000.00;0.00;-180.00;available_money;2026-02-11T22:30:51.000-03:00;;;1611219.75;account_money;
2026-02-12T19:47:34.000-03:00;145333907095;payment;6958.00;0.00;7000.00;0.00;-42.00;available_money;2026-02-12T19:47:34.000-03:00;;;1618177.75;account_money;
2026-02-13T12:19:09.000-03:00;145424045753;payment;6461.00;0.00;6500.00;0.00;-39.00;debin_transfer;2026-02-13T12:19:09.000-03:00;;;1624638.75;bank_transfer;
2026-02-13T21:44:19.000-03:00;146201748796;payment;27335.00;0.00;27500.00;0.00;-165.00;available_money;2026-02-13T21:44:19.000-03:00;;;1651973.75;account_money;
2026-02-14T07:29:37.000-03:00;146231930768;payment;12922.00;0.00;13000.00;0.00;-78.00;available_money;2026-02-14T07:29:37.000-03:00;;;1664895.75;account_money;
2026-02-14T08:12:53.000-03:00;145540873023;payment;6461.00;0.00;6500.00;0.00;-39.00;available_money;2026-02-14T08:12:53.000-03:00;;;1671356.75;account_money;
2026-02-14T08:29:55.000-03:00;146234755178;payment;19383.00;0.00;19500.00;0.00;-117.00;debin_transfer;2026-02-14T08:29:55.000-03:00;;;1690739.75;bank_transfer;
2026-02-14T08:32:03.000-03:00;146234959600;payment;6461.00;0.00;6500.00;0.00;-39.00;available_money;2026-02-14T08:32:03.000-03:00;;;1697200.75;account_money;
2026-02-14T08:41:51.000-03:00;145542472959;payment;12922.00;0.00;13000.00;0.00;-78.00;available_money;2026-02-14T08:41:51.000-03:00;;;1710122.75;account_money;
2026-02-14T08:46:58.000-03:00;145542887855;payment;7952.00;0.00;8000.00;0.00;-48.00;available_money;2026-02-14T08:46:58.000-03:00;;;1718074.75;account_money;
2026-02-14T08:49:28.000-03:00;145543081221;payment;12922.00;0.00;13000.00;0.00;-78.00;available_money;2026-02-14T08:49:28.000-03:00;;;1730996.75;account_money;
2026-02-14T08:55:59.000-03:00;145543503259;payment;7952.00;0.00;8000.00;0.00;-48.00;available_money;2026-02-14T08:55:59.000-03:00;;;1738948.75;account_money;
2026-02-14T08:58:51.000-03:00;146236792518;payment;7952.00;0.00;8000.00;0.00;-48.00;cvu;2026-02-14T08:58:51.000-03:00;;;1746900.75;bank_transfer;
2026-02-14T09:07:32.000-03:00;146237402778;payment;7952.00;0.00;8000.00;0.00;-48.00;available_money;2026-02-14T09:07:32.000-03:00;;;1754852.75;account_money;
2026-02-14T09:09:28.000-03:00;146237594314;payment;12922.00;0.00;13000.00;0.00;-78.00;cvu;2026-02-14T09:09:28.000-03:00;;;1767774.75;bank_transfer;
2026-02-14T09:15:31.000-03:00;145545024797;payment;7952.00;0.00;8000.00;0.00;-48.00;available_money;2026-02-14T09:15:31.000-03:00;;;1775726.75;account_money;
2026-02-14T09:17:38.000-03:00;145545268227;payment;12922.00;0.00;13000.00;0.00;-78.00;available_money;2026-02-14T09:17:38.000-03:00;;;1788648.75;account_money;
2026-02-14T09:25:44.000-03:00;145545839165;payment;6461.00;0.00;6500.00;0.00;-39.00;available_money;2026-02-14T09:25:44.000-03:00;;;1795109.75;account_money;
2026-02-14T09:31:15.000-03:00;145546437601;payment;6461.00;0.00;6500.00;0.00;-39.00;available_money;2026-02-14T09:31:15.000-03:00;;;1801570.75;account_money;
2026-02-14T09:33:18.000-03:00;145546593499;payment;12922.00;0.00;13000.00;0.00;-78.00;available_money;2026-02-14T09:33:18.000-03:00;;;1814492.75;account_money;
2026-02-14T09:34:52.000-03:00;145546723733;payment;12922.00;0.00;13000.00;0.00;-78.00;available_money;2026-02-14T09:34:52.000-03:00;;;1827414.75;account_money;
2026-02-14T09:39:49.000-03:00;145547396287;payment;6461.00;0.00;6500.00;0.00;-39.00;available_money;2026-02-14T09:39:49.000-03:00;;;1833875.75;account_money;
2026-02-14T09:44:16.000-03:00;146240747142;payment;3479.00;0.00;3500.00;0.00;-21.00;cvu;2026-02-14T09:44:16.000-03:00;;;1837354.75;bank_transfer;
2026-02-14T09:45:01.000-03:00;146240838684;payment;15904.00;0.00;16000.00;0.00;-96.00;available_money;2026-02-14T09:45:01.000-03:00;;;1853258.75;account_money;
2026-02-14T09:47:03.000-03:00;146240947684;payment;7952.00;0.00;8000.00;0.00;-48.00;available_money;2026-02-14T09:47:03.000-03:00;;;1861210.75;account_money;
2026-02-14T09:47:47.000-03:00;146241035506;payment;12922.00;0.00;13000.00;0.00;-78.00;cvu;2026-02-14T09:47:47.000-03:00;;;1874132.75;bank_transfer;
2026-02-14T09:52:10.000-03:00;145548469765;payment;12922.00;0.00;13000.00;0.00;-78.00;available_money;2026-02-14T09:52:10.000-03:00;;;1887054.75;account_money;
2026-02-14T09:55:44.000-03:00;146241936142;payment;6461.00;0.00;6500.00;0.00;-39.00;available_money;2026-02-14T09:55:44.000-03:00;;;1893515.75;account_money;
2026-02-14T10:04:56.000-03:00;145549763999;payment;5467.00;0.00;5500.00;0.00;-33.00;available_money;2026-02-14T10:04:56.000-03:00;;;1898982.75;account_money;
2026-02-14T10:05:45.000-03:00;145549855781;payment;6461.00;0.00;6500.00;0.00;-39.00;debin_transfer;2026-02-14T10:05:45.000-03:00;;;1905443.75;bank_transfer;
2026-02-14T10:07:31.000-03:00;145550064937;payment;6461.00;0.00;6500.00;0.00;-39.00;available_money;2026-02-14T10:07:31.000-03:00;;;1911904.75;account_money;
2026-02-14T10:11:38.000-03:00;146243626658;payment;7952.00;0.00;8000.00;0.00;-48.00;available_money;2026-02-14T10:11:38.000-03:00;;;1919856.75;account_money;
2026-02-14T10:12:28.000-03:00;145550659053;payment;7952.00;0.00;8000.00;0.00;-48.00;available_money;2026-02-14T10:12:28.000-03:00;;;1927808.75;account_money;
2026-02-14T10:12:45.000-03:00;145550722761;payment;6461.00;0.00;6500.00;0.00;-39.00;available_money;2026-02-14T10:12:45.000-03:00;;;1934269.75;account_money;
2026-02-14T10:12:56.000-03:00;145550709223;payment;6461.00;0.00;6500.00;0.00;-39.00;cvu;2026-02-14T10:12:56.000-03:00;;;1940730.75;bank_transfer;
2026-02-14T10:16:41.000-03:00;145551168253;payment;6461.00;0.00;6500.00;0.00;-39.00;available_money;2026-02-14T10:16:41.000-03:00;;;1947191.75;account_money;
2026-02-14T10:20:58.000-03:00;145551579361;payment;12922.00;0.00;13000.00;0.00;-78.00;available_money;2026-02-14T10:20:58.000-03:00;;;1960113.75;account_money;
2026-02-14T10:23:15.000-03:00;146244945446;payment;7952.00;0.00;8000.00;0.00;-48.00;available_money;2026-02-14T10:23:15.000-03:00;;;1968065.75;account_money;
2026-02-14T10:23:59.000-03:00;145551987575;payment;71568.00;0.00;72000.00;0.00;-432.00;available_money;2026-02-14T10:23:59.000-03:00;;;2039633.75;account_money;
2026-02-14T10:26:19.000-03:00;146245301338;payment;12922.00;0.00;13000.00;0.00;-78.00;available_money;2026-02-14T10:26:19.000-03:00;;;2052555.75;account_money;
2026-02-14T10:29:40.000-03:00;146245824808;payment;7952.00;0.00;8000.00;0.00;-48.00;cvu;2026-02-14T10:29:40.000-03:00;;;2060507.75;bank_transfer;
2026-02-14T10:30:19.000-03:00;146245827894;payment;7952.00;0.00;8000.00;0.00;-48.00;available_money;2026-02-14T10:30:19.000-03:00;;;2068459.75;account_money;
2026-02-14T10:33:17.000-03:00;145553114495;payment;6461.00;0.00;6500.00;0.00;-39.00;cvu;2026-02-14T10:33:17.000-03:00;;;2074920.75;bank_transfer;
2026-02-14T10:34:37.000-03:00;146246506452;payment;6461.00;0.00;6500.00;0.00;-39.00;available_money;2026-02-14T10:34:37.000-03:00;;;2081381.75;account_money;
2026-02-14T10:41:01.000-03:00;146247130442;payment;7952.00;0.00;8000.00;0.00;-48.00;available_money;2026-02-14T10:41:01.000-03:00;;;2089333.75;account_money;
2026-02-14T10:43:28.000-03:00;145554295413;payment;19383.00;0.00;19500.00;0.00;-117.00;available_money;2026-02-14T10:43:28.000-03:00;;;2108716.75;account_money;
2026-02-14T10:50:28.000-03:00;146248245662;payment;6461.00;0.00;6500.00;0.00;-39.00;available_money;2026-02-14T10:50:28.000-03:00;;;2115177.75;account_money;
2026-02-14T10:52:18.000-03:00;146248527890;payment;7952.00;0.00;8000.00;0.00;-48.00;available_money;2026-02-14T10:52:18.000-03:00;;;2123129.75;account_money;
2026-02-14T10:52:54.000-03:00;146248711068;payment;6461.00;0.00;6500.00;0.00;-39.00;debin_transfer;2026-02-14T10:52:54.000-03:00;;;2129590.75;bank_transfer;
2026-02-14T10:56:57.000-03:00;146249225574;payment;12922.00;0.00;13000.00;0.00;-78.00;cvu;2026-02-14T10:56:57.000-03:00;;;2142512.75;bank_transfer;
2026-02-14T10:59:02.000-03:00;145556259139;payment;7952.00;0.00;8000.00;0.00;-48.00;available_money;2026-02-14T10:59:02.000-03:00;;;2150464.75;account_money;
2026-02-14T11:08:43.000-03:00;146250701806;payment;6461.00;0.00;6500.00;0.00;-39.00;available_money;2026-02-14T11:08:43.000-03:00;;;2156925.75;account_money;
2026-02-14T11:14:23.000-03:00;146251842326;payment;1789.20;0.00;1800.00;0.00;-10.80;available_money;2026-02-14T11:14:23.000-03:00;;;2158714.95;account_money;
2026-02-14T11:15:56.000-03:00;146251961114;payment;6461.00;0.00;6500.00;0.00;-39.00;available_money;2026-02-14T11:15:56.000-03:00;;;2165175.95;account_money;
2026-02-14T11:17:23.000-03:00;146252218792;payment;7952.00;0.00;8000.00;0.00;-48.00;available_money;2026-02-14T11:17:23.000-03:00;;;2173127.95;account_money;
2026-02-14T11:27:22.000-03:00;145560319749;payment;5467.00;0.00;5500.00;0.00;-33.00;available_money;2026-02-14T11:27:22.000-03:00;;;2178594.95;account_money;
2026-02-14T11:34:28.000-03:00;145561364129;payment;7952.00;0.00;8000.00;0.00;-48.00;cvu;2026-02-14T11:34:28.000-03:00;;;2186546.95;bank_transfer;
2026-02-14T11:36:13.000-03:00;146254897674;payment;4473.00;0.00;4500.00;0.00;-27.00;available_money;2026-02-14T11:36:13.000-03:00;;;2191019.95;account_money;
2026-02-14T11:37:13.000-03:00;146255136978;payment;13419.00;0.00;13500.00;0.00;-81.00;available_money;2026-02-14T11:37:13.000-03:00;;;2204438.95;account_money;
2026-02-14T11:37:41.000-03:00;145561705549;payment;7952.00;0.00;8000.00;0.00;-48.00;available_money;2026-02-14T11:37:41.000-03:00;;;2212390.95;account_money;
2026-02-14T11:43:45.000-03:00;146255961572;payment;4473.00;0.00;4500.00;0.00;-27.00;available_money;2026-02-14T11:43:45.000-03:00;;;2216863.95;account_money;
2026-02-14T11:44:46.000-03:00;145562943527;payment;15904.00;0.00;16000.00;0.00;-96.00;available_money;2026-02-14T11:44:46.000-03:00;;;2232767.95;account_money;
2026-02-14T11:55:24.000-03:00;146257871862;payment;4473.00;0.00;4500.00;0.00;-27.00;available_money;2026-02-14T11:55:24.000-03:00;;;2237240.95;account_money;
2026-02-14T11:58:10.000-03:00;145564955067;payment;3976.00;0.00;4000.00;0.00;-24.00;available_money;2026-02-14T11:58:10.000-03:00;;;2241216.95;account_money;
2026-02-14T11:58:13.000-03:00;145565032443;payment;7952.00;0.00;8000.00;0.00;-48.00;cvu;2026-02-14T11:58:13.000-03:00;;;2249168.95;bank_transfer;
2026-02-14T12:01:23.000-03:00;145565364001;payment;4473.00;0.00;4500.00;0.00;-27.00;available_money;2026-02-14T12:01:23.000-03:00;;;2253641.95;account_money;
2026-02-14T12:04:30.000-03:00;146259312364;payment;4473.00;0.00;4500.00;0.00;-27.00;available_money;2026-02-14T12:04:30.000-03:00;;;2258114.95;account_money;
2026-02-14T12:09:20.000-03:00;145567038225;payment;15904.00;0.00;16000.00;0.00;-96.00;available_money;2026-02-14T12:09:20.000-03:00;;;2274018.95;account_money;
2026-02-14T12:10:04.000-03:00;145567134319;payment;15904.00;0.00;16000.00;0.00;-96.00;cvu;2026-02-14T12:10:04.000-03:00;;;2289922.95;bank_transfer;
2026-02-14T12:11:02.000-03:00;145567143729;payment;7952.00;0.00;8000.00;0.00;-48.00;available_money;2026-02-14T12:11:02.000-03:00;;;2297874.95;account_money;
2026-02-14T12:15:21.000-03:00;146261260116;payment;7952.00;0.00;8000.00;0.00;-48.00;debin_transfer;2026-02-14T12:15:21.000-03:00;;;2305826.95;bank_transfer;
2026-02-14T12:17:00.000-03:00;145568066759;payment;7952.00;0.00;8000.00;0.00;-48.00;available_money;2026-02-14T12:17:00.000-03:00;;;2313778.95;account_money;
2026-02-14T12:17:49.000-03:00;146261646540;payment;4473.00;0.00;4500.00;0.00;-27.00;cvu;2026-02-14T12:17:49.000-03:00;;;2318251.95;bank_transfer;
2026-02-14T12:17:58.000-03:00;146261525738;payment;4473.00;0.00;4500.00;0.00;-27.00;available_money;2026-02-14T12:17:58.000-03:00;;;2322724.95;account_money;
2026-02-14T12:20:32.000-03:00;145568581455;payment;4473.00;0.00;4500.00;0.00;-27.00;available_money;2026-02-14T12:20:32.000-03:00;;;2327197.95;account_money;
2026-02-14T12:21:27.000-03:00;146262151522;payment;7952.00;0.00;8000.00;0.00;-48.00;available_money;2026-02-14T12:21:27.000-03:00;;;2335149.95;account_money;
2026-02-14T12:22:21.000-03:00;145568772011;payment;4473.00;0.00;4500.00;0.00;-27.00;cvu;2026-02-14T12:22:21.000-03:00;;;2339622.95;bank_transfer;
2026-02-14T12:25:58.000-03:00;145569638687;payment;7952.00;0.00;8000.00;0.00;-48.00;cvu;2026-02-14T12:25:58.000-03:00;;;2347574.95;bank_transfer;
2026-02-14T12:26:00.000-03:00;146262828628;payment;4473.00;0.00;4500.00;0.00;-27.00;available_money;2026-02-14T12:26:00.000-03:00;;;2352047.95;account_money;
2026-02-14T12:28:36.000-03:00;145570122361;payment;3976.00;0.00;4000.00;0.00;-24.00;available_money;2026-02-14T12:28:36.000-03:00;;;2356023.95;account_money;
2026-02-14T12:28:37.000-03:00;146263113902;payment;3976.00;0.00;4000.00;0.00;-24.00;available_money;2026-02-14T12:28:37.000-03:00;;;2359999.95;account_money;
2026-02-14T12:31:41.000-03:00;145570533265;payment;4473.00;0.00;4500.00;0.00;-27.00;available_money;2026-02-14T12:31:41.000-03:00;;;2364472.95;account_money;
2026-02-14T12:32:22.000-03:00;145570569867;payment;15904.00;0.00;16000.00;0.00;-96.00;available_money;2026-02-14T12:32:22.000-03:00;;;2380376.95;account_money;
2026-02-14T12:35:28.000-03:00;146264349424;payment;7952.00;0.00;8000.00;0.00;-48.00;available_money;2026-02-14T12:35:28.000-03:00;;;2388328.95;account_money;
2026-02-14T12:39:36.000-03:00;145571661557;payment;7952.00;0.00;8000.00;0.00;-48.00;available_money;2026-02-14T12:39:36.000-03:00;;;2396280.95;account_money;
2026-02-14T12:43:41.000-03:00;146265824266;payment;7952.00;0.00;8000.00;0.00;-48.00;available_money;2026-02-14T12:43:41.000-03:00;;;2404232.95;account_money;
2026-02-14T12:43:44.000-03:00;146265771184;payment;7952.00;0.00;8000.00;0.00;-48.00;available_money;2026-02-14T12:43:44.000-03:00;;;2412184.95;account_money;
2026-02-14T12:44:07.000-03:00;145572429125;payment;2485.00;0.00;2500.00;0.00;-15.00;available_money;2026-02-14T12:44:07.000-03:00;;;2414669.95;account_money;
2026-02-14T12:45:58.000-03:00;146266007630;payment;4473.00;0.00;4500.00;0.00;-27.00;available_money;2026-02-14T12:45:58.000-03:00;;;2419142.95;account_money;
2026-02-14T12:46:10.000-03:00;145572876837;payment;7952.00;0.00;8000.00;0.00;-48.00;cvu;2026-02-14T12:46:10.000-03:00;;;2427094.95;bank_transfer;
2026-02-14T12:49:50.000-03:00;146266577656;payment;4473.00;0.00;4500.00;0.00;-27.00;available_money;2026-02-14T12:49:50.000-03:00;;;2431567.95;account_money;
2026-02-14T12:49:59.000-03:00;145573531367;payment;4473.00;0.00;4500.00;0.00;-27.00;available_money;2026-02-14T12:49:59.000-03:00;;;2436040.95;account_money;
2026-02-14T12:52:12.000-03:00;145573815909;payment;4473.00;0.00;4500.00;0.00;-27.00;cvu;2026-02-14T12:52:12.000-03:00;;;2440513.95;bank_transfer;
2026-02-14T12:57:16.000-03:00;145574582969;payment;7952.00;0.00;8000.00;0.00;-48.00;available_money;2026-02-14T12:57:16.000-03:00;;;2448465.95;account_money;
2026-02-14T12:57:19.000-03:00;146267966720;payment;7952.00;0.00;8000.00;0.00;-48.00;cvu;2026-02-14T12:57:19.000-03:00;;;2456417.95;bank_transfer;
2026-02-14T12:59:49.000-03:00;145574824045;payment;7952.00;0.00;8000.00;0.00;-48.00;available_money;2026-02-14T12:59:49.000-03:00;;;2464369.95;account_money;
2026-02-14T13:00:20.000-03:00;145575027261;payment;7952.00;0.00;8000.00;0.00;-48.00;available_money;2026-02-14T13:00:20.000-03:00;;;2472321.95;account_money;
2026-02-14T13:04:05.000-03:00;146269100396;payment;4473.00;0.00;4500.00;0.00;-27.00;available_money;2026-02-14T13:04:05.000-03:00;;;2476794.95;account_money;
2026-02-14T13:05:15.000-03:00;145575828929;payment;23856.00;0.00;24000.00;0.00;-144.00;available_money;2026-02-14T13:05:15.000-03:00;;;2500650.95;account_money;
2026-02-14T13:06:01.000-03:00;146269297030;payment;4473.00;0.00;4500.00;0.00;-27.00;available_money;2026-02-14T13:06:01.000-03:00;;;2505123.95;account_money;
2026-02-14T13:07:51.000-03:00;146269582186;payment;7952.00;0.00;8000.00;0.00;-48.00;cvu;2026-02-14T13:07:51.000-03:00;;;2513075.95;bank_transfer;
2026-02-14T13:11:03.000-03:00;145576916277;payment;7952.00;0.00;8000.00;0.00;-48.00;available_money;2026-02-14T13:11:03.000-03:00;;;2521027.95;account_money;
2026-02-14T13:11:32.000-03:00;146270160438;payment;7952.00;0.00;8000.00;0.00;-48.00;available_money;2026-02-14T13:11:32.000-03:00;;;2528979.95;account_money;
2026-02-14T13:16:26.000-03:00;145577700109;payment;7952.00;0.00;8000.00;0.00;-48.00;cvu;2026-02-14T13:16:26.000-03:00;;;2536931.95;bank_transfer;
2026-02-14T13:19:51.000-03:00;145578074611;payment;7952.00;0.00;8000.00;0.00;-48.00;available_money;2026-02-14T13:19:51.000-03:00;;;2544883.95;account_money;
2026-02-14T13:22:37.000-03:00;145578385625;payment;7952.00;0.00;8000.00;0.00;-48.00;cvu;2026-02-14T13:22:37.000-03:00;;;2552835.95;bank_transfer;
2026-02-14T13:22:39.000-03:00;145578443063;payment;7952.00;0.00;8000.00;0.00;-48.00;available_money;2026-02-14T13:22:39.000-03:00;;;2560787.95;account_money;
2026-02-14T13:23:15.000-03:00;145578602923;payment;1789.20;0.00;1800.00;0.00;-10.80;available_money;2026-02-14T13:23:15.000-03:00;;;2562577.15;account_money;
2026-02-14T13:24:38.000-03:00;146272187282;payment;7952.00;0.00;8000.00;0.00;-48.00;cvu;2026-02-14T13:24:38.000-03:00;;;2570529.15;bank_transfer;
2026-02-14T13:27:47.000-03:00;146272643094;payment;4473.00;0.00;4500.00;0.00;-27.00;available_money;2026-02-14T13:27:47.000-03:00;;;2575002.15;account_money;
2026-02-14T13:28:36.000-03:00;145579464473;payment;7952.00;0.00;8000.00;0.00;-48.00;cvu;2026-02-14T13:28:36.000-03:00;;;2582954.15;bank_transfer;
2026-02-14T13:30:31.000-03:00;146272899684;payment;7952.00;0.00;8000.00;0.00;-48.00;available_money;2026-02-14T13:30:31.000-03:00;;;2590906.15;account_money;
2026-02-14T13:30:39.000-03:00;146272909852;payment;7952.00;0.00;8000.00;0.00;-48.00;available_money;2026-02-14T13:30:39.000-03:00;;;2598858.15;account_money;
2026-02-14T14:06:53.000-03:00;146278103408;payment;7952.00;0.00;8000.00;0.00;-48.00;available_money;2026-02-14T14:06:53.000-03:00;;;2606810.15;account_money;
2026-02-15T22:25:27.000-03:00;146454508928;payment;12922.00;0.00;13000.00;0.00;-78.00;debin_transfer;2026-02-15T22:25:27.000-03:00;;;2619732.15;bank_transfer;
2026-02-17T07:55:23.000-03:00;146606933640;payment;7952.00;0.00;8000.00;0.00;-48.00;cvu;2026-02-17T07:55:23.000-03:00;;;2627684.15;bank_transfer;
2026-02-17T08:02:57.000-03:00;146607388424;reserve_for_payment;0.00;7053.07;-7053.07;0.00;0.00;available_money;2026-02-17T08:02:57.000-03:00;Mercado Pago;QR;2620631.08;account_money;
2026-02-17T08:02:57.000-03:00;146607388424;reserve_for_payment;7053.07;0.00;7053.07;0.00;0.00;available_money;2026-02-17T08:02:57.000-03:00;Mercado Pago;QR;2627684.15;account_money;
2026-02-17T08:02:57.000-03:00;146607388424;payment;0.00;7053.07;-7011.00;0.00;-42.07;available_money;2026-02-17T08:02:57.000-03:00;Mercado Pago;QR;2620631.08;account_money;
2026-02-17T08:56:37.000-03:00;146610315960;payment;7952.00;0.00;8000.00;0.00;-48.00;available_money;2026-02-17T08:56:37.000-03:00;;;2628583.08;account_money;
2026-02-17T08:59:03.000-03:00;146610567332;payment;7952.00;0.00;8000.00;0.00;-48.00;available_money;2026-02-17T08:59:03.000-03:00;;;2636535.08;account_money;
2026-02-17T09:35:49.000-03:00;146613654474;payment;7952.00;0.00;8000.00;0.00;-48.00;available_money;2026-02-17T09:35:49.000-03:00;;;2644487.08;account_money;
2026-02-17T10:41:11.000-03:00;146620013738;payment;4473.00;0.00;4500.00;0.00;-27.00;available_money;2026-02-17T10:41:11.000-03:00;;;2648960.08;account_money;
2026-02-17T10:41:49.000-03:00;145924087331;payment;1988.00;0.00;2000.00;0.00;-12.00;available_money;2026-02-17T10:41:49.000-03:00;;;2650948.08;account_money;
2026-02-17T10:46:44.000-03:00;146620541254;payment;4473.00;0.00;4500.00;0.00;-27.00;available_money;2026-02-17T10:46:44.000-03:00;;;2655421.08;account_money;
2026-02-17T10:54:37.000-03:00;146621580882;payment;7952.00;0.00;8000.00;0.00;-48.00;debin_transfer;2026-02-17T10:54:37.000-03:00;;;2663373.08;bank_transfer;
2026-02-17T10:57:17.000-03:00;145925639473;payment;6461.00;0.00;6500.00;0.00;-39.00;available_money;2026-02-17T10:57:17.000-03:00;;;2669834.08;account_money;
2026-02-17T11:12:15.000-03:00;145927555305;payment;15904.00;0.00;16000.00;0.00;-96.00;available_money;2026-02-17T11:12:15.000-03:00;;;2685738.08;account_money;
2026-02-17T11:21:49.000-03:00;146624703938;payment;6461.00;0.00;6500.00;0.00;-39.00;available_money;2026-02-17T11:21:49.000-03:00;;;2692199.08;account_money;
2026-02-17T11:39:13.000-03:00;145930884669;payment;89460.00;0.00;90000.00;0.00;-540.00;available_money;2026-02-17T11:39:13.000-03:00;;;2781659.08;account_money;
2026-02-17T11:44:36.000-03:00;146627645366;payment;4473.00;0.00;4500.00;0.00;-27.00;cvu;2026-02-17T11:44:36.000-03:00;;;2786132.08;bank_transfer;
2026-02-17T11:56:50.000-03:00;145933163217;payment;7952.00;0.00;8000.00;0.00;-48.00;available_money;2026-02-17T11:56:50.000-03:00;;;2794084.08;account_money;
2026-02-17T11:58:59.000-03:00;146629625652;payment;6461.00;0.00;6500.00;0.00;-39.00;cvu;2026-02-17T11:58:59.000-03:00;;;2800545.08;bank_transfer;
2026-02-17T12:03:25.000-03:00;145934342573;payment;6461.00;0.00;6500.00;0.00;-39.00;available_money;2026-02-17T12:03:25.000-03:00;;;2807006.08;account_money;
2026-02-17T12:04:09.000-03:00;146630348362;payment;6461.00;0.00;6500.00;0.00;-39.00;cvu;2026-02-17T12:04:09.000-03:00;;;2813467.08;bank_transfer;
2026-02-17T12:04:31.000-03:00;145934407215;payment;4473.00;0.00;4500.00;0.00;-27.00;available_money;2026-02-17T12:04:31.000-03:00;;;2817940.08;account_money;
2026-02-17T12:14:08.000-03:00;146631967636;payment;4473.00;0.00;4500.00;0.00;-27.00;available_money;2026-02-17T12:14:08.000-03:00;;;2822413.08;account_money;
2026-02-17T12:19:28.000-03:00;146632661364;payment;6461.00;0.00;6500.00;0.00;-39.00;available_money;2026-02-17T12:19:28.000-03:00;;;2828874.08;account_money;
2026-02-17T12:21:58.000-03:00;145936945079;payment;6461.00;0.00;6500.00;0.00;-39.00;visa;2026-02-17T12:21:58.000-03:00;;;2835335.08;credit_card;
2026-02-17T12:23:28.000-03:00;145937242199;payment;6461.00;0.00;6500.00;0.00;-39.00;available_money;2026-02-17T12:23:28.000-03:00;;;2841796.08;account_money;
2026-02-18T18:32:28.000-03:00;146112645543;payment;35784.00;0.00;36000.00;0.00;-216.00;cvu;2026-02-18T18:32:28.000-03:00;;;2877580.08;bank_transfer;
2026-02-18T21:47:13.000-03:00;146139152907;payment;387660.00;0.00;390000.00;0.00;-2340.00;available_money;2026-02-18T21:47:13.000-03:00;;;3265240.08;account_money;
2026-02-19T16:01:52.000-03:00;146231746361;reserve_for_payout;0.00;532415.53;-532415.53;0.00;0.00;available_money;2026-02-19T16:01:52.000-03:00;;;2732824.55;;
2026-02-19T16:01:55.000-03:00;146231746361;reserve_for_payout;532415.53;0.00;532415.53;0.00;0.00;available_money;2026-02-19T16:01:55.000-03:00;;;3265240.08;;
2026-02-19T16:01:55.000-03:00;146231746361;payout;0.00;532415.53;-529240.09;0.00;-3175.44;available_money;2026-02-19T16:01:55.000-03:00;;;2732824.55;;
2026-02-19T16:16:25.000-03:00;146931316760;reserve_for_payout;0.00;765389.18;-765389.18;0.00;0.00;available_money;2026-02-19T16:16:25.000-03:00;;;1967435.37;;
2026-02-19T18:31:30.000-03:00;146931316760;reserve_for_payout;765389.18;0.00;765389.18;0.00;0.00;available_money;2026-02-19T18:31:30.000-03:00;;;2732824.55;;
2026-02-19T18:31:30.000-03:00;146931316760;payout;0.00;765389.18;-760824.23;0.00;-4564.95;available_money;2026-02-19T18:31:30.000-03:00;;;1967435.37;;
2026-02-19T19:24:37.000-03:00;146956875558;payment;6958.00;0.00;7000.00;0.00;-42.00;available_money;2026-02-19T19:24:37.000-03:00;;;1974393.37;account_money;
2026-02-20T08:40:39.000-03:00;147018434642;reserve_for_payout;0.00;26357.20;-26357.20;0.00;0.00;available_money;2026-02-20T08:40:39.000-03:00;;;1948036.17;;
2026-02-20T08:40:41.000-03:00;147018434642;reserve_for_payout;26357.20;0.00;26357.20;0.00;0.00;available_money;2026-02-20T08:40:41.000-03:00;;;1974393.37;;
2026-02-20T08:40:41.000-03:00;147018434642;payout;0.00;26357.20;-26200.00;0.00;-157.20;available_money;2026-02-20T08:40:41.000-03:00;;;1948036.17;;
2026-02-20T08:50:19.000-03:00;146320687439;reserve_for_payment;0.00;35109.40;-35109.40;0.00;0.00;available_money;2026-02-20T08:50:19.000-03:00;Mercado Pago;QR;1912926.77;account_money;
2026-02-20T08:50:19.000-03:00;146320687439;reserve_for_payment;35109.40;0.00;35109.40;0.00;0.00;available_money;2026-02-20T08:50:19.000-03:00;Mercado Pago;QR;1948036.17;account_money;
2026-02-20T08:50:19.000-03:00;146320687439;payment;0.00;35109.40;-34900.00;0.00;-209.40;available_money;2026-02-20T08:50:19.000-03:00;Mercado Pago;QR;1912926.77;account_money;
2026-02-20T09:16:21.000-03:00;146322845237;reserve_for_payout;0.00;25552.40;-25552.40;0.00;0.00;available_money;2026-02-20T09:16:21.000-03:00;;;1887374.37;;
2026-02-20T09:16:24.000-03:00;146322845237;reserve_for_payout;25552.40;0.00;25552.40;0.00;0.00;available_money;2026-02-20T09:16:24.000-03:00;;;1912926.77;;
2026-02-20T09:16:24.000-03:00;146322845237;payout;0.00;25552.40;-25400.00;0.00;-152.40;available_money;2026-02-20T09:16:24.000-03:00;;;1887374.37;;
2026-02-20T12:29:56.000-03:00;147049694106;reserve_for_payment;0.00;402.40;-402.40;0.00;0.00;available_money;2026-02-20T12:29:56.000-03:00;Mercado Pago;Wallet;1886971.97;account_money;
2026-02-20T12:29:56.000-03:00;147049694106;reserve_for_payment;402.40;0.00;402.40;0.00;0.00;available_money;2026-02-20T12:29:56.000-03:00;Mercado Pago;Wallet;1887374.37;account_money;
2026-02-20T12:29:56.000-03:00;147049694106;payment;0.00;402.40;-400.00;0.00;-2.40;available_money;2026-02-20T12:29:56.000-03:00;Mercado Pago;Wallet;1886971.97;account_money;
2026-02-21T07:14:44.000-03:00;147160384470;payment;12922.00;0.00;13000.00;0.00;-78.00;available_money;2026-02-21T07:14:44.000-03:00;;;1899893.97;account_money;
2026-02-21T07:26:34.000-03:00;147160784308;payment;12922.00;0.00;13000.00;0.00;-78.00;debin_transfer;2026-02-21T07:26:34.000-03:00;;;1912815.97;bank_transfer;
2026-02-21T07:40:09.000-03:00;146461449667;reserve_for_payment;0.00;57845.00;-57845.00;0.00;0.00;available_money;2026-02-21T07:40:09.000-03:00;Mercado Pago;QR;1854970.97;account_money;
2026-02-21T07:40:09.000-03:00;146461449667;reserve_for_payment;57845.00;0.00;57845.00;0.00;0.00;available_money;2026-02-21T07:40:09.000-03:00;Mercado Pago;QR;1912815.97;account_money;
2026-02-21T07:40:09.000-03:00;146461449667;payment;0.00;57845.00;-57500.00;0.00;-345.00;available_money;2026-02-21T07:40:09.000-03:00;Mercado Pago;QR;1854970.97;account_money;
2026-02-21T07:45:05.000-03:00;147161502194;payment;75544.00;0.00;76000.00;0.00;-456.00;available_money;2026-02-21T07:45:05.000-03:00;;;1930514.97;account_money;
2026-02-21T07:59:58.000-03:00;146462321319;payment;6461.00;0.00;6500.00;0.00;-39.00;available_money;2026-02-21T07:59:58.000-03:00;;;1936975.97;account_money;
2026-02-21T08:05:10.000-03:00;147162340824;payment;6461.00;0.00;6500.00;0.00;-39.00;cvu;2026-02-21T08:05:10.000-03:00;;;1943436.97;bank_transfer;
2026-02-21T08:35:13.000-03:00;147164038578;payment;6461.00;0.00;6500.00;0.00;-39.00;available_money;2026-02-21T08:35:13.000-03:00;;;1949897.97;account_money;
2026-02-21T08:37:33.000-03:00;147164188584;payment;6461.00;0.00;6500.00;0.00;-39.00;cvu;2026-02-21T08:37:33.000-03:00;;;1956358.97;bank_transfer;
2026-02-21T08:54:37.000-03:00;147165215484;payment;4473.00;0.00;4500.00;0.00;-27.00;available_money;2026-02-21T08:54:37.000-03:00;;;1960831.97;account_money;
2026-02-21T08:55:13.000-03:00;146465490497;payment;6461.00;0.00;6500.00;0.00;-39.00;cvu;2026-02-21T08:55:13.000-03:00;;;1967292.97;bank_transfer;
2026-02-21T08:58:06.000-03:00;146465726287;payment;12922.00;0.00;13000.00;0.00;-78.00;available_money;2026-02-21T08:58:06.000-03:00;;;1980214.97;account_money;
2026-02-21T08:58:44.000-03:00;147165530896;payment;6461.00;0.00;6500.00;0.00;-39.00;available_money;2026-02-21T08:58:44.000-03:00;;;1986675.97;account_money;
2026-02-21T09:09:27.000-03:00;146466532617;payment;6461.00;0.00;6500.00;0.00;-39.00;available_money;2026-02-21T09:09:27.000-03:00;;;1993136.97;account_money;
2026-02-21T09:11:37.000-03:00;147166490682;payment;6461.00;0.00;6500.00;0.00;-39.00;available_money;2026-02-21T09:11:37.000-03:00;;;1999597.97;account_money;
2026-02-21T09:19:55.000-03:00;147167137442;payment;8946.00;0.00;9000.00;0.00;-54.00;debin_transfer;2026-02-21T09:19:55.000-03:00;;;2008543.97;bank_transfer;
2026-02-21T09:23:47.000-03:00;146467724443;payment;13916.00;0.00;14000.00;0.00;-84.00;cvu;2026-02-21T09:23:47.000-03:00;;;2022459.97;bank_transfer;
2026-02-21T09:25:25.000-03:00;147167727116;payment;8946.00;0.00;9000.00;0.00;-54.00;available_money;2026-02-21T09:25:25.000-03:00;;;2031405.97;account_money;
2026-02-21T09:31:20.000-03:00;146468235709;payment;13419.00;0.00;13500.00;0.00;-81.00;available_money;2026-02-21T09:31:20.000-03:00;;;2044824.97;account_money;
2026-02-21T09:33:44.000-03:00;147168403780;payment;8946.00;0.00;9000.00;0.00;-54.00;available_money;2026-02-21T09:33:44.000-03:00;;;2053770.97;account_money;
2026-02-21T09:43:19.000-03:00;147169313966;payment;3479.00;0.00;3500.00;0.00;-21.00;available_money;2026-02-21T09:43:19.000-03:00;;;2057249.97;account_money;
2026-02-21T09:45:42.000-03:00;146469705415;payment;4970.00;0.00;5000.00;0.00;-30.00;available_money;2026-02-21T09:45:42.000-03:00;;;2062219.97;account_money;
2026-02-21T09:50:23.000-03:00;147169963992;payment;8946.00;0.00;9000.00;0.00;-54.00;available_money;2026-02-21T09:50:23.000-03:00;;;2071165.97;account_money;
2026-02-21T09:54:29.000-03:00;146470545907;payment;8946.00;0.00;9000.00;0.00;-54.00;available_money;2026-02-21T09:54:29.000-03:00;;;2080111.97;account_money;
2026-02-21T09:55:52.000-03:00;146470693701;payment;8946.00;0.00;9000.00;0.00;-54.00;available_money;2026-02-21T09:55:52.000-03:00;;;2089057.97;account_money;
2026-02-21T09:55:59.000-03:00;147170598902;payment;8946.00;0.00;9000.00;0.00;-54.00;available_money;2026-02-21T09:55:59.000-03:00;;;2098003.97;account_money;
2026-02-21T09:56:55.000-03:00;147170665042;payment;8946.00;0.00;9000.00;0.00;-54.00;available_money;2026-02-21T09:56:55.000-03:00;;;2106949.97;account_money;
2026-02-21T10:07:19.000-03:00;146471882359;payment;8946.00;0.00;9000.00;0.00;-54.00;cvu;2026-02-21T10:07:19.000-03:00;;;2115895.97;bank_transfer;
2026-02-21T10:12:15.000-03:00;147172343828;payment;8946.00;0.00;9000.00;0.00;-54.00;available_money;2026-02-21T10:12:15.000-03:00;;;2124841.97;account_money;
2026-02-21T10:14:46.000-03:00;146472700605;payment;4970.00;0.00;5000.00;0.00;-30.00;cvu;2026-02-21T10:14:46.000-03:00;;;2129811.97;bank_transfer;
2026-02-21T10:16:24.000-03:00;146472840993;payment;4970.00;0.00;5000.00;0.00;-30.00;available_money;2026-02-21T10:16:24.000-03:00;;;2134781.97;account_money;
2026-02-21T10:20:00.000-03:00;146473298507;payment;5467.00;0.00;5500.00;0.00;-33.00;available_money;2026-02-21T10:20:00.000-03:00;;;2140248.97;account_money;
2026-02-21T10:21:03.000-03:00;146473351767;payment;8946.00;0.00;9000.00;0.00;-54.00;available_money;2026-02-21T10:21:03.000-03:00;;;2149194.97;account_money;
2026-02-21T10:25:14.000-03:00;146473944185;payment;8946.00;0.00;9000.00;0.00;-54.00;available_money;2026-02-21T10:25:14.000-03:00;;;2158140.97;account_money;
2026-02-21T10:40:19.000-03:00;147175634154;payment;8946.00;0.00;9000.00;0.00;-54.00;available_money;2026-02-21T10:40:19.000-03:00;;;2167086.97;account_money;
2026-02-21T10:51:58.000-03:00;146476983407;payment;8946.00;0.00;9000.00;0.00;-54.00;available_money;2026-02-21T10:51:58.000-03:00;;;2176032.97;account_money;
2026-02-21T10:56:45.000-03:00;147177646460;payment;8946.00;0.00;9000.00;0.00;-54.00;available_money;2026-02-21T10:56:45.000-03:00;;;2184978.97;account_money;
2026-02-21T10:59:58.000-03:00;147178028618;payment;4970.00;0.00;5000.00;0.00;-30.00;available_money;2026-02-21T10:59:58.000-03:00;;;2189948.97;account_money;
2026-02-21T11:09:39.000-03:00;146479344727;payment;4970.00;0.00;5000.00;0.00;-30.00;available_money;2026-02-21T11:09:39.000-03:00;;;2194918.97;account_money;
2026-02-21T11:11:21.000-03:00;146479529119;payment;4970.00;0.00;5000.00;0.00;-30.00;available_money;2026-02-21T11:11:21.000-03:00;;;2199888.97;account_money;
2026-02-21T11:12:00.000-03:00;147179521418;payment;4970.00;0.00;5000.00;0.00;-30.00;available_money;2026-02-21T11:12:00.000-03:00;;;2204858.97;account_money;
2026-02-21T11:14:16.000-03:00;147179944988;payment;4970.00;0.00;5000.00;0.00;-30.00;cvu;2026-02-21T11:14:16.000-03:00;;;2209828.97;bank_transfer;
2026-02-21T11:15:25.000-03:00;146480052625;payment;8946.00;0.00;9000.00;0.00;-54.00;cvu;2026-02-21T11:15:25.000-03:00;;;2218774.97;bank_transfer;
2026-02-21T11:17:38.000-03:00;147180576176;payment;8946.00;0.00;9000.00;0.00;-54.00;available_money;2026-02-21T11:17:38.000-03:00;;;2227720.97;account_money;
2026-02-21T11:28:35.000-03:00;147182008414;payment;4970.00;0.00;5000.00;0.00;-30.00;cvu;2026-02-21T11:28:35.000-03:00;;;2232690.97;bank_transfer;
2026-02-21T11:29:34.000-03:00;147181991624;payment;8946.00;0.00;9000.00;0.00;-54.00;debin_transfer;2026-02-21T11:29:34.000-03:00;;;2241636.97;bank_transfer;
2026-02-21T11:39:47.000-03:00;146483594521;payment;13419.00;0.00;13500.00;0.00;-81.00;available_money;2026-02-21T11:39:47.000-03:00;;;2255055.97;account_money;
2026-02-21T11:47:37.000-03:00;146484738841;payment;12922.00;0.00;13000.00;0.00;-78.00;available_money;2026-02-21T11:47:37.000-03:00;;;2267977.97;account_money;
2026-02-21T11:51:03.000-03:00;147185284802;payment;4970.00;0.00;5000.00;0.00;-30.00;available_money;2026-02-21T11:51:03.000-03:00;;;2272947.97;account_money;
2026-02-21T11:59:19.000-03:00;146486453111;payment;4970.00;0.00;5000.00;0.00;-30.00;cvu;2026-02-21T11:59:19.000-03:00;;;2277917.97;bank_transfer;
2026-02-21T11:59:58.000-03:00;147186569608;payment;8946.00;0.00;9000.00;0.00;-54.00;cvu;2026-02-21T11:59:58.000-03:00;;;2286863.97;bank_transfer;
2026-02-21T12:02:53.000-03:00;146487012977;payment;8946.00;0.00;9000.00;0.00;-54.00;available_money;2026-02-21T12:02:53.000-03:00;;;2295809.97;account_money;
2026-02-21T12:04:35.000-03:00;146487276987;payment;4970.00;0.00;5000.00;0.00;-30.00;available_money;2026-02-21T12:04:35.000-03:00;;;2300779.97;account_money;
2026-02-21T12:04:41.000-03:00;147187403714;payment;8946.00;0.00;9000.00;0.00;-54.00;available_money;2026-02-21T12:04:41.000-03:00;;;2309725.97;account_money;
2026-02-21T12:05:35.000-03:00;147187563632;payment;4970.00;0.00;5000.00;0.00;-30.00;available_money;2026-02-21T12:05:35.000-03:00;;;2314695.97;account_money;
2026-02-21T12:06:24.000-03:00;146487598675;payment;4970.00;0.00;5000.00;0.00;-30.00;debin_transfer;2026-02-21T12:06:24.000-03:00;;;2319665.97;bank_transfer;
2026-02-21T12:07:46.000-03:00;146487761579;payment;8946.00;0.00;9000.00;0.00;-54.00;cvu;2026-02-21T12:07:46.000-03:00;;;2328611.97;bank_transfer;
2026-02-21T12:08:59.000-03:00;147188064866;payment;4970.00;0.00;5000.00;0.00;-30.00;available_money;2026-02-21T12:08:59.000-03:00;;;2333581.97;account_money;
2026-02-21T12:18:47.000-03:00;147189589578;payment;4970.00;0.00;5000.00;0.00;-30.00;available_money;2026-02-21T12:18:47.000-03:00;;;2338551.97;account_money;
2026-02-21T12:19:27.000-03:00;146489712473;payment;8946.00;0.00;9000.00;0.00;-54.00;available_money;2026-02-21T12:19:27.000-03:00;;;2347497.97;account_money;
2026-02-21T12:20:50.000-03:00;146489930297;payment;8946.00;0.00;9000.00;0.00;-54.00;available_money;2026-02-21T12:20:50.000-03:00;;;2356443.97;account_money;
2026-02-21T12:22:09.000-03:00;146490134737;payment;8946.00;0.00;9000.00;0.00;-54.00;available_money;2026-02-21T12:22:09.000-03:00;;;2365389.97;account_money;
2026-02-21T12:23:14.000-03:00;147190434840;payment;8946.00;0.00;9000.00;0.00;-54.00;available_money;2026-02-21T12:23:14.000-03:00;;;2374335.97;account_money;
2026-02-21T12:23:19.000-03:00;147190379470;payment;8946.00;0.00;9000.00;0.00;-54.00;available_money;2026-02-21T12:23:19.000-03:00;;;2383281.97;account_money;
2026-02-21T12:26:37.000-03:00;146490693491;payment;8946.00;0.00;9000.00;0.00;-54.00;available_money;2026-02-21T12:26:37.000-03:00;;;2392227.97;account_money;
2026-02-21T12:30:49.000-03:00;147191530944;payment;4970.00;0.00;5000.00;0.00;-30.00;available_money;2026-02-21T12:30:49.000-03:00;;;2397197.97;account_money;
2026-02-21T12:33:46.000-03:00;146491951253;payment;8946.00;0.00;9000.00;0.00;-54.00;available_money;2026-02-21T12:33:46.000-03:00;;;2406143.97;account_money;
2026-02-21T12:34:58.000-03:00;146492113755;payment;8946.00;0.00;9000.00;0.00;-54.00;cvu;2026-02-21T12:34:58.000-03:00;;;2415089.97;bank_transfer;
2026-02-21T12:35:40.000-03:00;147192187840;payment;4970.00;0.00;5000.00;0.00;-30.00;available_money;2026-02-21T12:35:40.000-03:00;;;2420059.97;account_money;
2026-02-21T12:37:03.000-03:00;147192526366;payment;4970.00;0.00;5000.00;0.00;-30.00;available_money;2026-02-21T12:37:03.000-03:00;;;2425029.97;account_money;
2026-02-21T12:37:30.000-03:00;146492594877;payment;4970.00;0.00;5000.00;0.00;-30.00;available_money;2026-02-21T12:37:30.000-03:00;;;2429999.97;account_money;
2026-02-21T12:38:59.000-03:00;146492713395;payment;4970.00;0.00;5000.00;0.00;-30.00;cvu;2026-02-21T12:38:59.000-03:00;;;2434969.97;bank_transfer;
2026-02-21T12:52:24.000-03:00;146494807285;payment;8946.00;0.00;9000.00;0.00;-54.00;available_money;2026-02-21T12:52:24.000-03:00;;;2443915.97;account_money;
2026-02-21T12:52:47.000-03:00;147194895502;payment;5467.00;0.00;5500.00;0.00;-33.00;available_money;2026-02-21T12:52:47.000-03:00;;;2449382.97;account_money;
2026-02-21T12:54:08.000-03:00;146495178395;payment;8946.00;0.00;9000.00;0.00;-54.00;cvu;2026-02-21T12:54:08.000-03:00;;;2458328.97;bank_transfer;
2026-02-21T13:00:03.000-03:00;146496122351;payment;4970.00;0.00;5000.00;0.00;-30.00;available_money;2026-02-21T13:00:03.000-03:00;;;2463298.97;account_money;
2026-02-21T13:00:04.000-03:00;147196098586;payment;8946.00;0.00;9000.00;0.00;-54.00;cvu;2026-02-21T13:00:04.000-03:00;;;2472244.97;bank_transfer;
2026-02-21T13:00:53.000-03:00;146496113765;payment;4970.00;0.00;5000.00;0.00;-30.00;cvu;2026-02-21T13:00:53.000-03:00;;;2477214.97;bank_transfer;
2026-02-21T13:01:21.000-03:00;147196322568;payment;8946.00;0.00;9000.00;0.00;-54.00;available_money;2026-02-21T13:01:21.000-03:00;;;2486160.97;account_money;
2026-02-21T13:01:27.000-03:00;147196288898;payment;23856.00;0.00;24000.00;0.00;-144.00;available_money;2026-02-21T13:01:27.000-03:00;;;2510016.97;account_money;
2026-02-21T13:07:52.000-03:00;147197260074;payment;4970.00;0.00;5000.00;0.00;-30.00;available_money;2026-02-21T13:07:52.000-03:00;;;2514986.97;account_money;
2026-02-21T13:12:00.000-03:00;146497666029;payment;8946.00;0.00;9000.00;0.00;-54.00;available_money;2026-02-21T13:12:00.000-03:00;;;2523932.97;account_money;
2026-02-21T13:16:38.000-03:00;147198505576;payment;4970.00;0.00;5000.00;0.00;-30.00;available_money;2026-02-21T13:16:38.000-03:00;;;2528902.97;account_money;
2026-02-21T13:18:54.000-03:00;146498954475;payment;8946.00;0.00;9000.00;0.00;-54.00;available_money;2026-02-21T13:18:54.000-03:00;;;2537848.97;account_money;
2026-02-21T13:22:46.000-03:00;146499454675;payment;4970.00;0.00;5000.00;0.00;-30.00;available_money;2026-02-21T13:22:46.000-03:00;;;2542818.97;account_money;
2026-02-21T13:26:46.000-03:00;146499867543;payment;4970.00;0.00;5000.00;0.00;-30.00;available_money;2026-02-21T13:26:46.000-03:00;;;2547788.97;account_money;
2026-02-21T13:31:33.000-03:00;146500662347;payment;4970.00;0.00;5000.00;0.00;-30.00;available_money;2026-02-21T13:31:33.000-03:00;;;2552758.97;account_money;
2026-02-21T13:34:04.000-03:00;146500988321;payment;8946.00;0.00;9000.00;0.00;-54.00;available_money;2026-02-21T13:34:04.000-03:00;;;2561704.97;account_money;
2026-02-21T14:22:33.000-03:00;147207436042;payment;4970.00;0.00;5000.00;0.00;-30.00;available_money;2026-02-21T14:22:33.000-03:00;;;2566674.97;account_money;
2026-02-21T14:48:25.000-03:00;146510401911;payment;134190.00;0.00;135000.00;0.00;-810.00;available_money;2026-02-21T14:48:25.000-03:00;;;2700864.97;account_money;
2026-02-23T09:27:46.000-03:00;146710922531;reserve_for_payout;0.00;224539.20;-224539.20;0.00;0.00;available_money;2026-02-23T09:27:46.000-03:00;;;2476325.77;;
2026-02-23T09:27:47.000-03:00;146710922531;reserve_for_payout;224539.20;0.00;224539.20;0.00;0.00;available_money;2026-02-23T09:27:47.000-03:00;;;2700864.97;;
2026-02-23T09:27:47.000-03:00;146710922531;payout;0.00;224539.20;-223200.00;0.00;-1339.20;available_money;2026-02-23T09:27:47.000-03:00;;;2476325.77;;
2026-02-24T07:09:04.000-03:00;147541486484;payment;19383.00;0.00;19500.00;0.00;-117.00;available_money;2026-02-24T07:09:04.000-03:00;;;2495708.77;account_money;
2026-02-24T07:35:13.000-03:00;147543172738;payment;59640.00;0.00;60000.00;0.00;-360.00;available_money;2026-02-24T07:35:13.000-03:00;;;2555348.77;account_money;
2026-02-24T08:17:50.000-03:00;147546104802;payment;4970.00;0.00;5000.00;0.00;-30.00;available_money;2026-02-24T08:17:50.000-03:00;;;2560318.77;account_money;
2026-02-24T08:20:02.000-03:00;146844006711;payment;29820.00;0.00;30000.00;0.00;-180.00;available_money;2026-02-24T08:20:02.000-03:00;;;2590138.77;account_money;
2026-02-24T09:05:51.000-03:00;147550239338;payment;35784.00;0.00;36000.00;0.00;-216.00;available_money;2026-02-24T09:05:51.000-03:00;;;2625922.77;account_money;
2026-02-24T12:25:28.000-03:00;146873520409;payment;178920.00;0.00;180000.00;0.00;-1080.00;available_money;2026-02-24T12:25:28.000-03:00;;;2804842.77;account_money;
2026-02-24T15:39:10.000-03:00;146894798085;reserve_for_payout;0.00;2615600.00;-2615600.00;0.00;0.00;available_money;2026-02-24T15:39:10.000-03:00;;;189242.77;;
2026-02-24T15:39:12.000-03:00;146894798085;reserve_for_payout;2615600.00;0.00;2615600.00;0.00;0.00;available_money;2026-02-24T15:39:12.000-03:00;;;2804842.77;;
2026-02-24T15:39:12.000-03:00;146894798085;payout;0.00;2615600.00;-2600000.00;0.00;-15600.00;available_money;2026-02-24T15:39:12.000-03:00;;;189242.77;;
2026-02-26T12:54:42.000-03:00;147238120025;payment;59640.00;0.00;60000.00;0.00;-360.00;available_money;2026-02-26T12:54:42.000-03:00;;;248882.77;account_money;
2026-02-26T14:04:49.000-03:00;147246933479;payment;29820.00;0.00;30000.00;0.00;-180.00;available_money;2026-02-26T14:04:49.000-03:00;;;278702.77;account_money;
2026-02-26T14:07:35.000-03:00;147954108050;reserve_for_payout;0.00;269798.44;-269798.44;0.00;0.00;available_money;2026-02-26T14:07:35.000-03:00;;;8904.33;;
2026-02-26T14:07:36.000-03:00;147954108050;reserve_for_payout;269798.44;0.00;269798.44;0.00;0.00;available_money;2026-02-26T14:07:36.000-03:00;;;278702.77;;
2026-02-26T14:07:36.000-03:00;147954108050;payout;0.00;269798.44;-268189.30;0.00;-1609.14;available_money;2026-02-26T14:07:36.000-03:00;;;8904.33;;
2026-02-27T13:52:03.000-03:00;148101147284;payment;39760.00;0.00;40000.00;0.00;-240.00;cvu;2026-02-27T13:52:03.000-03:00;;;48664.33;bank_transfer;
2026-02-28T07:38:41.000-03:00;147492220989;payment;248500.00;0.00;250000.00;0.00;-1500.00;available_money;2026-02-28T07:38:41.000-03:00;;;297164.33;account_money;
2026-02-28T07:52:42.000-03:00;148202739156;payment;11928.00;0.00;12000.00;0.00;-72.00;available_money;2026-02-28T07:52:42.000-03:00;;;309092.33;account_money;
2026-02-28T07:53:34.000-03:00;148202834454;payment;26838.00;0.00;27000.00;0.00;-162.00;available_money;2026-02-28T07:53:34.000-03:00;;;335930.33;account_money;
2026-02-28T08:14:42.000-03:00;147493950941;payment;5964.00;0.00;6000.00;0.00;-36.00;available_money;2026-02-28T08:14:42.000-03:00;;;341894.33;account_money;
2026-02-28T08:22:53.000-03:00;148204389532;payment;29820.00;0.00;30000.00;0.00;-180.00;available_money;2026-02-28T08:22:53.000-03:00;;;371714.33;account_money;
2026-02-28T08:35:51.000-03:00;148205344664;payment;11928.00;0.00;12000.00;0.00;-72.00;available_money;2026-02-28T08:35:51.000-03:00;;;383642.33;account_money;
2026-02-28T08:44:57.000-03:00;147495881411;payment;5964.00;0.00;6000.00;0.00;-36.00;available_money;2026-02-28T08:44:57.000-03:00;;;389606.33;account_money;
2026-02-28T08:47:42.000-03:00;147496034025;payment;10934.00;0.00;11000.00;0.00;-66.00;available_money;2026-02-28T08:47:42.000-03:00;;;400540.33;account_money;
2026-02-28T08:47:45.000-03:00;147496061725;payment;5964.00;0.00;6000.00;0.00;-36.00;available_money;2026-02-28T08:47:45.000-03:00;;;406504.33;account_money;
2026-02-28T08:47:58.000-03:00;148206031976;payment;5467.00;0.00;5500.00;0.00;-33.00;cvu;2026-02-28T08:47:58.000-03:00;;;411971.33;bank_transfer;
2026-02-28T08:50:23.000-03:00;147496265069;payment;10934.00;0.00;11000.00;0.00;-66.00;available_money;2026-02-28T08:50:23.000-03:00;;;422905.33;account_money;
2026-02-28T08:51:31.000-03:00;147496325125;payment;5964.00;0.00;6000.00;0.00;-36.00;cvu;2026-02-28T08:51:31.000-03:00;;;428869.33;bank_transfer;
2026-02-28T08:52:43.000-03:00;147496352039;payment;8946.00;0.00;9000.00;0.00;-54.00;cvu;2026-02-28T08:52:43.000-03:00;;;437815.33;bank_transfer;
2026-02-28T08:53:59.000-03:00;147496493533;payment;7753.20;0.00;7800.00;0.00;-46.80;available_money;2026-02-28T08:53:59.000-03:00;;;445568.53;account_money;
2026-02-28T09:04:10.000-03:00;148207265752;payment;11928.00;0.00;12000.00;0.00;-72.00;available_money;2026-02-28T09:04:10.000-03:00;;;457496.53;account_money;
2026-02-28T09:10:14.000-03:00;147497771317;payment;11928.00;0.00;12000.00;0.00;-72.00;cvu;2026-02-28T09:10:14.000-03:00;;;469424.53;bank_transfer;
2026-02-28T09:12:39.000-03:00;148208124678;payment;268380.00;0.00;270000.00;0.00;-1620.00;cvu;2026-02-28T09:12:39.000-03:00;;;737804.53;bank_transfer;
2026-02-28T09:14:32.000-03:00;147498149115;payment;5964.00;0.00;6000.00;0.00;-36.00;available_money;2026-02-28T09:14:32.000-03:00;;;743768.53;account_money;
2026-02-28T09:19:15.000-03:00;148208657854;payment;5964.00;0.00;6000.00;0.00;-36.00;debin_transfer;2026-02-28T09:19:15.000-03:00;;;749732.53;bank_transfer;
2026-02-28T09:20:45.000-03:00;147498826127;payment;5964.00;0.00;6000.00;0.00;-36.00;available_money;2026-02-28T09:20:45.000-03:00;;;755696.53;account_money;
2026-02-28T09:29:10.000-03:00;148209649326;payment;5964.00;0.00;6000.00;0.00;-36.00;cvu;2026-02-28T09:29:10.000-03:00;;;761660.53;bank_transfer;
2026-02-28T09:31:42.000-03:00;147499797159;payment;11928.00;0.00;12000.00;0.00;-72.00;available_money;2026-02-28T09:31:42.000-03:00;;;773588.53;account_money;
2026-02-28T09:33:39.000-03:00;147499931649;payment;11928.00;0.00;12000.00;0.00;-72.00;available_money;2026-02-28T09:33:39.000-03:00;;;785516.53;account_money;
2026-02-28T09:36:17.000-03:00;147500268895;payment;23856.00;0.00;24000.00;0.00;-144.00;available_money;2026-02-28T09:36:17.000-03:00;;;809372.53;account_money;
2026-02-28T09:37:06.000-03:00;148210417954;payment;5964.00;0.00;6000.00;0.00;-36.00;available_money;2026-02-28T09:37:06.000-03:00;;;815336.53;account_money;
2026-02-28T09:38:36.000-03:00;148210597378;payment;26838.00;0.00;27000.00;0.00;-162.00;available_money;2026-02-28T09:38:36.000-03:00;;;842174.53;account_money;
2026-02-28T09:39:09.000-03:00;147500618629;payment;5964.00;0.00;6000.00;0.00;-36.00;available_money;2026-02-28T09:39:09.000-03:00;;;848138.53;account_money;
2026-02-28T09:42:50.000-03:00;148210992968;payment;5964.00;0.00;6000.00;0.00;-36.00;available_money;2026-02-28T09:42:50.000-03:00;;;854102.53;account_money;
2026-02-28T09:45:58.000-03:00;148211448122;payment;11928.00;0.00;12000.00;0.00;-72.00;available_money;2026-02-28T09:45:58.000-03:00;;;866030.53;account_money;
2026-02-28T09:47:10.000-03:00;147501460531;payment;5964.00;0.00;6000.00;0.00;-36.00;available_money;2026-02-28T09:47:10.000-03:00;;;871994.53;account_money;
2026-02-28T09:52:10.000-03:00;148212143072;payment;5964.00;0.00;6000.00;0.00;-36.00;available_money;2026-02-28T09:52:10.000-03:00;;;877958.53;account_money;
2026-02-28T09:52:26.000-03:00;148212284202;payment;5964.00;0.00;6000.00;0.00;-36.00;available_money;2026-02-28T09:52:26.000-03:00;;;883922.53;account_money;
2026-02-28T09:54:02.000-03:00;147502027465;payment;5964.00;0.00;6000.00;0.00;-36.00;available_money;2026-02-28T09:54:02.000-03:00;;;889886.53;account_money;
2026-02-28T09:54:05.000-03:00;147502142477;payment;11928.00;0.00;12000.00;0.00;-72.00;debin_transfer;2026-02-28T09:54:05.000-03:00;;;901814.53;bank_transfer;
2026-02-28T09:57:12.000-03:00;147502437543;payment;11928.00;0.00;12000.00;0.00;-72.00;available_money;2026-02-28T09:57:12.000-03:00;;;913742.53;account_money;
2026-02-28T09:58:59.000-03:00;148212874988;payment;5964.00;0.00;6000.00;0.00;-36.00;available_money;2026-02-28T09:58:59.000-03:00;;;919706.53;account_money;
2026-02-28T10:16:52.000-03:00;147504848671;payment;5964.00;0.00;6000.00;0.00;-36.00;cvu;2026-02-28T10:16:52.000-03:00;;;925670.53;bank_transfer;
2026-02-28T10:17:42.000-03:00;148215160358;payment;5964.00;0.00;6000.00;0.00;-36.00;available_money;2026-02-28T10:17:42.000-03:00;;;931634.53;account_money;
2026-02-28T10:18:35.000-03:00;148215215142;payment;5964.00;0.00;6000.00;0.00;-36.00;available_money;2026-02-28T10:18:35.000-03:00;;;937598.53;account_money;
2026-02-28T10:23:38.000-03:00;148215794636;payment;11928.00;0.00;12000.00;0.00;-72.00;available_money;2026-02-28T10:23:38.000-03:00;;;949526.53;account_money;
2026-02-28T10:24:41.000-03:00;147505910393;payment;5964.00;0.00;6000.00;0.00;-36.00;cvu;2026-02-28T10:24:41.000-03:00;;;955490.53;bank_transfer;
2026-02-28T10:25:28.000-03:00;148216012290;payment;5964.00;0.00;6000.00;0.00;-36.00;available_money;2026-02-28T10:25:28.000-03:00;;;961454.53;account_money;
2026-02-28T10:31:16.000-03:00;148216720988;payment;26838.00;0.00;27000.00;0.00;-162.00;available_money;2026-02-28T10:31:16.000-03:00;;;988292.53;account_money;
2026-02-28T10:38:42.000-03:00;147507461413;payment;11928.00;0.00;12000.00;0.00;-72.00;available_money;2026-02-28T10:38:42.000-03:00;;;1000220.53;account_money;
2026-02-28T10:41:17.000-03:00;147507787377;payment;5964.00;0.00;6000.00;0.00;-36.00;cvu;2026-02-28T10:41:17.000-03:00;;;1006184.53;bank_transfer;
2026-02-28T10:42:52.000-03:00;148218329648;payment;5964.00;0.00;6000.00;0.00;-36.00;available_money;2026-02-28T10:42:52.000-03:00;;;1012148.53;account_money;
2026-02-28T10:56:28.000-03:00;148220094360;payment;5964.00;0.00;6000.00;0.00;-36.00;available_money;2026-02-28T10:56:28.000-03:00;;;1018112.53;account_money;
2026-02-28T11:02:54.000-03:00;148221039944;payment;5964.00;0.00;6000.00;0.00;-36.00;available_money;2026-02-28T11:02:54.000-03:00;;;1024076.53;account_money;
2026-02-28T11:05:01.000-03:00;148221349560;payment;5964.00;0.00;6000.00;0.00;-36.00;cvu;2026-02-28T11:05:01.000-03:00;;;1030040.53;bank_transfer;
2026-02-28T11:06:10.000-03:00;147511208533;payment;5964.00;0.00;6000.00;0.00;-36.00;available_money;2026-02-28T11:06:10.000-03:00;;;1036004.53;account_money;
2026-02-28T11:07:32.000-03:00;148221599968;payment;5964.00;0.00;6000.00;0.00;-36.00;debin_transfer;2026-02-28T11:07:32.000-03:00;;;1041968.53;bank_transfer;
2026-02-28T11:10:11.000-03:00;147511693275;payment;5964.00;0.00;6000.00;0.00;-36.00;available_money;2026-02-28T11:10:11.000-03:00;;;1047932.53;account_money;
2026-02-28T11:13:29.000-03:00;147512458365;payment;5964.00;0.00;6000.00;0.00;-36.00;available_money;2026-02-28T11:13:29.000-03:00;;;1053896.53;account_money;
2026-02-28T11:17:50.000-03:00;147513000315;payment;5964.00;0.00;6000.00;0.00;-36.00;cvu;2026-02-28T11:17:50.000-03:00;;;1059860.53;bank_transfer;
2026-02-28T11:18:57.000-03:00;147513150429;payment;5964.00;0.00;6000.00;0.00;-36.00;available_money;2026-02-28T11:18:57.000-03:00;;;1065824.53;account_money;
2026-02-28T11:19:52.000-03:00;147513224921;payment;5964.00;0.00;6000.00;0.00;-36.00;available_money;2026-02-28T11:19:52.000-03:00;;;1071788.53;account_money;
2026-02-28T11:20:09.000-03:00;148223355722;payment;5964.00;0.00;6000.00;0.00;-36.00;available_money;2026-02-28T11:20:09.000-03:00;;;1077752.53;account_money;
2026-02-28T11:25:50.000-03:00;147513969739;payment;5964.00;0.00;6000.00;0.00;-36.00;debin_transfer;2026-02-28T11:25:50.000-03:00;;;1083716.53;bank_transfer;
2026-02-28T11:28:38.000-03:00;147514401703;payment;5964.00;0.00;6000.00;0.00;-36.00;available_money;2026-02-28T11:28:38.000-03:00;;;1089680.53;account_money;
2026-02-28T11:31:53.000-03:00;148225304850;payment;11928.00;0.00;12000.00;0.00;-72.00;available_money;2026-02-28T11:31:53.000-03:00;;;1101608.53;account_money;
2026-02-28T11:32:15.000-03:00;148225305486;payment;5964.00;0.00;6000.00;0.00;-36.00;available_money;2026-02-28T11:32:15.000-03:00;;;1107572.53;account_money;
2026-02-28T11:35:07.000-03:00;148225739354;payment;5964.00;0.00;6000.00;0.00;-36.00;available_money;2026-02-28T11:35:07.000-03:00;;;1113536.53;account_money;
2026-02-28T11:35:18.000-03:00;147515643525;payment;5964.00;0.00;6000.00;0.00;-36.00;available_money;2026-02-28T11:35:18.000-03:00;;;1119500.53;account_money;
2026-02-28T11:36:26.000-03:00;148226048542;payment;5964.00;0.00;6000.00;0.00;-36.00;available_money;2026-02-28T11:36:26.000-03:00;;;1125464.53;account_money;
2026-02-28T11:36:58.000-03:00;148225964008;payment;11928.00;0.00;12000.00;0.00;-72.00;cvu;2026-02-28T11:36:58.000-03:00;;;1137392.53;bank_transfer;
2026-02-28T11:38:18.000-03:00;147516096017;payment;5964.00;0.00;6000.00;0.00;-36.00;available_money;2026-02-28T11:38:18.000-03:00;;;1143356.53;account_money;
2026-02-28T11:39:42.000-03:00;148226546112;payment;11928.00;0.00;12000.00;0.00;-72.00;cvu;2026-02-28T11:39:42.000-03:00;;;1155284.53;bank_transfer;
2026-02-28T11:43:30.000-03:00;147516813521;payment;5964.00;0.00;6000.00;0.00;-36.00;available_money;2026-02-28T11:43:30.000-03:00;;;1161248.53;account_money;
2026-02-28T11:43:31.000-03:00;148227105104;payment;26838.00;0.00;27000.00;0.00;-162.00;available_money;2026-02-28T11:43:31.000-03:00;;;1188086.53;account_money;
2026-02-28T11:44:51.000-03:00;148227310066;payment;11928.00;0.00;12000.00;0.00;-72.00;debin_transfer;2026-02-28T11:44:51.000-03:00;;;1200014.53;bank_transfer;
2026-02-28T11:45:56.000-03:00;148227655176;payment;11928.00;0.00;12000.00;0.00;-72.00;available_money;2026-02-28T11:45:56.000-03:00;;;1211942.53;account_money;
2026-02-28T11:48:47.000-03:00;147517750599;payment;5964.00;0.00;6000.00;0.00;-36.00;available_money;2026-02-28T11:48:47.000-03:00;;;1217906.53;account_money;
2026-02-28T11:56:45.000-03:00;148229411610;payment;5964.00;0.00;6000.00;0.00;-36.00;available_money;2026-02-28T11:56:45.000-03:00;;;1223870.53;account_money;
2026-02-28T11:59:47.000-03:00;148229988590;payment;5964.00;0.00;6000.00;0.00;-36.00;available_money;2026-02-28T11:59:47.000-03:00;;;1229834.53;account_money;
2026-02-28T12:00:11.000-03:00;148229905786;payment;5964.00;0.00;6000.00;0.00;-36.00;cvu;2026-02-28T12:00:11.000-03:00;;;1235798.53;bank_transfer;
2026-02-28T12:02:08.000-03:00;148230292946;payment;5964.00;0.00;6000.00;0.00;-36.00;cvu;2026-02-28T12:02:08.000-03:00;;;1241762.53;bank_transfer;
2026-02-28T12:02:31.000-03:00;147519972333;payment;11928.00;0.00;12000.00;0.00;-72.00;available_money;2026-02-28T12:02:31.000-03:00;;;1253690.53;account_money;
2026-02-28T12:04:12.000-03:00;147520086057;payment;5964.00;0.00;6000.00;0.00;-36.00;available_money;2026-02-28T12:04:12.000-03:00;;;1259654.53;account_money;
2026-02-28T12:07:07.000-03:00;148231219350;payment;5964.00;0.00;6000.00;0.00;-36.00;available_money;2026-02-28T12:07:07.000-03:00;;;1265618.53;account_money;
2026-02-28T12:08:19.000-03:00;148231420058;payment;5964.00;0.00;6000.00;0.00;-36.00;cvu;2026-02-28T12:08:19.000-03:00;;;1271582.53;bank_transfer;
2026-02-28T12:08:33.000-03:00;147521204149;payment;5964.00;0.00;6000.00;0.00;-36.00;available_money;2026-02-28T12:08:33.000-03:00;;;1277546.53;account_money;
2026-02-28T12:10:57.000-03:00;147521389735;payment;17892.00;0.00;18000.00;0.00;-108.00;available_money;2026-02-28T12:10:57.000-03:00;;;1295438.53;account_money;
2026-02-28T12:11:58.000-03:00;148231921904;payment;5964.00;0.00;6000.00;0.00;-36.00;available_money;2026-02-28T12:11:58.000-03:00;;;1301402.53;account_money;
2026-02-28T12:14:05.000-03:00;148232251644;payment;5964.00;0.00;6000.00;0.00;-36.00;cvu;2026-02-28T12:14:05.000-03:00;;;1307366.53;bank_transfer;
2026-02-28T12:17:08.000-03:00;148232765754;payment;11928.00;0.00;12000.00;0.00;-72.00;cvu;2026-02-28T12:17:08.000-03:00;;;1319294.53;bank_transfer;
2026-02-28T12:20:40.000-03:00;148233493766;payment;5964.00;0.00;6000.00;0.00;-36.00;available_money;2026-02-28T12:20:40.000-03:00;;;1325258.53;account_money;
2026-02-28T12:21:59.000-03:00;148233745266;payment;5964.00;0.00;6000.00;0.00;-36.00;available_money;2026-02-28T12:21:59.000-03:00;;;1331222.53;account_money;
2026-02-28T12:31:26.000-03:00;148235522862;payment;11928.00;0.00;12000.00;0.00;-72.00;cvu;2026-02-28T12:31:26.000-03:00;;;1343150.53;bank_transfer;
2026-02-28T12:42:23.000-03:00;147526977035;payment;11928.00;0.00;12000.00;0.00;-72.00;available_money;2026-02-28T12:42:23.000-03:00;;;1355078.53;account_money;
2026-02-28T12:49:14.000-03:00;148238347902;payment;5964.00;0.00;6000.00;0.00;-36.00;cvu;2026-02-28T12:49:14.000-03:00;;;1361042.53;bank_transfer;
2026-02-28T12:49:17.000-03:00;147528045239;payment;5964.00;0.00;6000.00;0.00;-36.00;available_money;2026-02-28T12:49:17.000-03:00;;;1367006.53;account_money;
2026-02-28T12:51:47.000-03:00;148238894432;payment;5964.00;0.00;6000.00;0.00;-36.00;available_money;2026-02-28T12:51:47.000-03:00;;;1372970.53;account_money;
2026-02-28T12:52:55.000-03:00;148239106730;payment;5964.00;0.00;6000.00;0.00;-36.00;cvu;2026-02-28T12:52:55.000-03:00;;;1378934.53;bank_transfer;
2026-02-28T12:56:32.000-03:00;147529329337;payment;5964.00;0.00;6000.00;0.00;-36.00;available_money;2026-02-28T12:56:32.000-03:00;;;1384898.53;account_money;
2026-02-28T12:58:34.000-03:00;147529760311;payment;1789.20;0.00;1800.00;0.00;-10.80;available_money;2026-02-28T12:58:34.000-03:00;;;1386687.73;account_money;
2026-02-28T13:25:47.000-03:00;147533979695;payment;88466.00;0.00;89000.00;0.00;-534.00;available_money;2026-02-28T13:25:47.000-03:00;;;1475153.73;account_money;
